Metric,Score
Accuracy,0.7759051186017478
Macro F1,0.7608270269704975
Weighted F1,0.76084880985509
