,precision,recall,f1-score,support
glioma,0.7795031055900621,0.6259351620947631,0.69432918395574,401.0
meningioma,0.7817258883248731,0.385,0.5159128978224455,400.0
notumor,0.7429111531190926,0.9825,0.8460710441334769,400.0
pituitary,0.723826714801444,1.0,0.8397905759162304,401.0
accuracy,0.7484394506866417,0.7484394506866417,0.7484394506866417,0.7484394506866417
macro avg,0.756991715458868,0.7483587905236908,0.7240259254569733,1602.0
weighted avg,0.7569850652650313,0.7484394506866417,0.7240796507434639,1602.0
